timestamp,millis,freq_hz,duty,current_A,led2,led1,aled2,aled1,led2_sub,led1_sub,spo2,hr1,hr2,hr3,rsqi
11:32:46.533,596856,10,92,0.464,2096921,2096921,28781,28073,2068140,2068848,88.73,226.9,0.0,67.4,0
11:32:46.759,597084,10,92,0.464,2096921,2096921,28797,28127,2068124,2068794,88.55,226.9,0.0,67.4,0
11:32:46.978,597302,10,92,0.464,2096921,2096921,28984,27978,2067937,2068943,88.73,226.9,0.0,67.4,0
11:32:47.396,597722,10,92,0.464,2096921,2096921,28969,27950,2067952,2068971,88.77,182.3,0.0,87.0,0
11:32:47.597,597922,10,92,0.472,2096921,2096921,28813,28051,2068108,2068870,88.71,182.3,0.0,87.0,0
11:32:47.796,598122,10,92,0.472,2096921,2096921,28866,28160,2068055,2068761,88.75,182.3,0.0,87.0,0
11:32:47.996,598322,10,92,0.456,2096921,2096921,28939,28160,2067982,2068761,88.73,168.9,0.0,81.2,0
11:32:48.196,598522,10,92,0.464,2096921,2096921,28985,28019,2067936,2068902,88.66,168.9,0.0,81.2,0
11:32:48.397,598722,10,92,0.456,2096921,2096921,28996,27824,2067925,2069097,88.55,168.9,0.0,81.2,0
11:32:48.596,598922,10,92,0.472,2096921,2096921,28985,28162,2067936,2068759,88.76,153.4,0.0,80.2,0
11:32:48.798,599124,10,92,0.472,2096921,2096921,28975,27767,2067946,2069154,88.77,153.4,0.0,80.2,0
11:32:48.998,599324,10,92,0.456,2096921,2096921,28744,28199,2068177,2068722,88.77,153.4,0.0,80.2,0
11:32:49.224,599550,10,92,0.472,2096921,2096921,28809,27831,2068112,2069090,88.71,153.4,0.0,80.2,0
11:32:50.855,601180,10,92,0.472,2096921,2096921,28981,28000,2067940,2068921,89.35,131.8,0.0,45.3,0
11:32:55.903,606228,20,97,0.496,2096921,2096921,28984,28011,2067937,2068910,89.01,44.0,0.0,45.4,0
11:32:56.357,606674,20,92,0.480,2096921,2096921,28880,28154,2068041,2068767,89.37,45.3,0.0,45.4,0
11:32:56.577,606898,20,92,0.472,2096921,2096921,29033,28202,2067888,2068719,89.52,45.3,0.0,45.4,0
11:32:56.808,607126,20,92,0.464,2096921,2096921,28969,28140,2067952,2068781,89.40,45.3,0.0,45.4,0
11:32:57.010,607336,20,88,0.472,2096921,2096921,29172,28166,2067749,2068755,89.31,47.0,0.0,45.4,0
11:32:57.210,607536,20,88,0.456,2096921,2096921,28866,28281,2068055,2068640,89.37,47.0,0.0,45.4,0
11:32:57.411,607737,20,88,0.464,2096921,2096921,29009,28098,2067912,2068823,89.22,47.0,0.0,45.4,0
11:32:57.613,607938,20,88,0.456,2096921,2096921,29108,28138,2067813,2068783,89.25,47.0,0.0,45.4,0
11:32:57.813,608138,20,88,0.448,2096921,2096921,28894,28071,2068027,2068850,89.25,47.0,0.0,45.4,0
11:32:58.013,608338,20,88,0.464,2096921,2096921,29120,28105,2067801,2068816,89.18,47.0,0.0,45.4,0
11:32:58.213,608538,20,88,0.440,2096921,2096921,29081,28244,2067840,2068677,89.21,47.0,0.0,45.4,0
11:32:58.413,608739,20,88,0.456,2096921,2096921,29038,27965,2067883,2068956,89.21,47.0,0.0,45.4,0
11:32:58.619,608942,20,88,0.448,2096921,2096921,28883,28209,2068038,2068712,89.09,47.0,0.0,45.4,0
11:32:58.842,609166,20,88,0.448,2096921,2096921,28970,28109,2067951,2068812,89.13,47.0,0.0,45.4,0
11:32:59.072,609398,20,88,0.448,2096921,2096921,29026,28096,2067895,2068825,88.99,47.0,0.0,45.4,0
11:32:59.527,609844,20,88,0.448,2096921,2096921,28901,28110,2068020,2068811,89.02,47.0,0.0,45.4,0
11:32:59.745,610064,20,88,0.440,2096921,2096921,28799,28076,2068122,2068845,89.04,47.0,0.0,45.4,0
11:32:59.942,610266,20,88,0.440,2096921,2096921,28978,27868,2067943,2069053,89.00,47.0,0.0,45.4,0
11:33:00.346,610666,20,88,0.440,2096921,2096921,28675,28128,2068246,2068793,88.84,47.0,0.0,64.3,0
11:33:00.756,611066,20,88,0.440,2096921,2096921,28785,28056,2068136,2068865,88.72,47.0,0.0,63.9,0
11:33:05.913,616238,50,97,0.504,2096921,2096921,28700,27963,2068221,2068958,88.67,47.0,0.0,78.2,0
11:33:06.114,616438,50,92,0.488,2096921,2096921,28888,27982,2068033,2068939,88.72,47.0,0.0,78.2,0
11:33:06.313,616638,50,92,0.488,2096921,2096921,28986,28133,2067935,2068788,88.77,47.0,0.0,78.2,0
11:33:06.747,617074,50,92,0.480,2096921,2096921,28861,27915,2068060,2069006,88.68,47.0,0.0,78.2,0
11:33:07.214,617529,50,87,0.456,2096921,2096921,28777,27886,2068144,2069035,88.78,47.0,0.0,78.2,0
11:33:07.659,617974,50,87,0.440,2096921,2096921,28886,27986,2068035,2068935,88.94,47.0,0.0,73.9,0
11:33:07.876,618202,50,87,0.448,2096921,2096921,29032,27997,2067889,2068924,89.09,47.0,0.0,73.8,0
11:33:08.333,618647,50,87,0.440,2096921,2096921,28945,27987,2067976,2068934,89.16,47.0,0.0,73.8,0
11:33:08.769,619095,50,87,0.440,2096921,2096921,28855,28111,2068066,2068810,89.21,47.0,0.0,73.8,0
11:33:08.993,619319,50,87,0.432,2096921,2096921,28996,28127,2067925,2068794,89.18,47.0,0.0,73.9,0
11:33:09.665,619983,50,87,0.432,2096921,2096921,28915,28022,2068006,2068899,89.00,47.0,0.0,74.3,0
11:33:09.881,620207,50,87,0.440,2096921,2096921,28781,27902,2068140,2069019,89.01,47.0,0.0,74.3,0
11:33:10.117,620443,50,87,0.440,2096921,2096921,28891,27847,2068030,2069074,89.07,47.0,0.0,74.8,0
11:33:10.317,620643,50,87,0.440,2096921,2096921,28824,28240,2068097,2068681,89.09,47.0,0.0,74.8,0
11:33:10.517,620843,50,87,0.440,2096921,2096921,28986,27798,2067935,2069123,89.19,47.0,0.0,74.8,0
11:33:10.721,621043,50,87,0.440,2096921,2096921,28702,28063,2068219,2068858,89.11,47.0,0.0,75.1,0
11:33:15.911,626227,100,97,0.496,2096921,2096921,28853,27965,2068068,2068956,89.34,47.0,0.0,96.8,0
11:33:16.120,626427,100,92,0.472,2096921,2096921,28701,28090,2068220,2068831,89.35,47.0,0.0,96.8,0
11:33:17.713,628039,100,87,0.440,2096921,2096921,29004,28072,2067917,2068849,89.40,42.7,0.0,76.1,0
11:33:17.912,628239,100,87,0.456,2096921,2096921,28918,28062,2068003,2068859,89.49,42.7,0.0,76.1,0
11:33:18.117,628441,100,87,0.440,2096921,2096921,29020,28172,2067901,2068749,89.44,42.7,0.0,76.1,0
11:33:18.315,628641,100,87,0.440,2096921,2096921,29003,28086,2067918,2068835,89.31,42.7,0.0,76.1,0
11:33:18.522,628841,100,87,0.448,2096921,2096921,28869,28155,2068052,2068766,89.21,42.7,0.0,41.5,0
11:33:18.717,629043,100,87,0.440,2096921,2096921,29153,28130,2067768,2068791,89.06,55.7,0.0,41.5,0
11:33:18.917,629243,100,87,0.440,2096921,2096921,29015,28088,2067906,2068833,89.02,55.7,0.0,42.3,0
11:33:19.118,629443,100,87,0.440,2096921,2096921,29216,28164,2067705,2068757,88.92,66.7,0.0,42.3,0
11:33:19.319,629643,100,87,0.432,2096921,2096921,29116,28281,2067805,2068640,88.91,83.5,0.0,42.3,0
11:33:19.518,629843,100,87,0.440,2096921,2096921,29088,28209,2067833,2068712,88.87,83.5,0.0,42.7,0
11:33:19.721,630045,100,87,0.424,2096921,2096921,28958,27974,2067963,2068947,88.81,83.5,0.0,42.7,0
11:33:19.919,630245,100,87,0.440,2096921,2096921,28996,28280,2067925,2068641,88.80,83.5,0.0,42.7,0
11:33:20.119,630445,100,87,0.432,2096921,2096921,29102,28053,2067819,2068868,88.93,83.5,0.0,43.0,0
11:33:20.323,630649,100,87,0.432,2096921,2096921,28643,28060,2068278,2068861,88.94,83.5,0.0,43.0,0
11:33:20.523,630849,100,87,0.440,2096921,2096921,29026,27958,2067895,2068963,88.95,83.5,0.0,43.0,0
11:33:20.724,631049,100,87,0.432,2096921,2096921,28797,27983,2068124,2068938,89.03,82.5,0.0,42.8,0
11:33:25.946,636255,200,97,0.496,2096921,2096921,28788,27956,2068133,2068965,89.11,49.7,0.0,53.1,0
11:33:26.929,637255,200,92,0.464,2096921,2096921,28926,27720,2067995,2069201,89.50,49.7,0.0,55.6,0
11:33:27.138,637461,200,92,0.464,2096921,2096921,28933,28104,2067988,2068817,89.28,49.7,0.0,55.6,0
11:33:27.339,637661,200,92,0.472,2096921,2096921,29050,28239,2067871,2068682,89.34,49.7,0.0,57.6,0
11:33:27.542,637867,200,92,0.464,2096921,2096921,28841,28054,2068080,2068867,89.19,40.1,0.0,57.6,0
11:33:27.855,638173,200,92,0.464,2096921,2096921,28953,27973,2067968,2068948,88.95,45.3,0.0,57.6,0
11:33:28.047,638373,200,92,0.472,2096921,2096921,28892,27932,2068029,2068989,88.90,45.3,0.0,59.5,0
11:33:28.247,638573,200,92,0.456,2096921,2096921,28774,27962,2068147,2068959,88.89,45.3,0.0,59.5,0
11:33:28.452,638773,200,92,0.464,2096921,2096921,28859,27925,2068062,2068996,88.81,45.3,0.0,61.2,0
11:33:28.671,638997,200,92,0.464,2096921,2096921,29004,27855,2067917,2069066,88.89,45.3,0.0,61.2,0
11:33:29.121,639443,200,92,0.464,2096921,2096921,29020,28059,2067901,2068862,88.95,60.5,0.0,61.2,0
11:33:29.346,639671,200,92,0.464,2096921,2096921,28829,28179,2068092,2068742,88.78,60.5,0.0,61.2,0
11:33:29.565,639891,200,92,0.464,2096921,2096921,28779,28199,2068142,2068722,88.67,60.5,0.0,83.7,0
11:33:29.794,640115,200,92,0.464,2096921,2096921,28863,28007,2068058,2068914,88.51,58.0,0.0,83.7,0
11:33:30.246,640571,200,88,0.448,2096921,2096921,28888,28160,2068033,2068761,88.61,72.3,0.0,83.7,0
11:33:30.453,640778,200,88,0.456,2096921,2096921,28888,27936,2068033,2068985,88.65,72.3,0.0,83.7,0
11:33:30.657,640978,200,88,0.448,2096921,2096921,28789,28087,2068132,2068834,88.74,72.3,0.0,83.7,0
11:33:30.924,641251,200,88,0.448,2096921,2096921,28825,28038,2068096,2068883,88.68,72.3,0.0,83.7,0
11:33:36.797,647114,250,92,0.464,2096921,2096921,28939,28078,2067982,2068843,89.36,98.6,0.0,197.6,0
11:33:37.927,648214,250,92,0.464,2096921,2096921,28922,28057,2067999,2068864,89.30,89.3,0.0,239.9,0
11:33:38.088,648414,250,88,0.472,2096921,2096921,28899,28231,2068022,2068690,89.36,89.3,0.0,239.9,0
11:33:38.288,648614,250,88,0.456,2096921,2096921,28824,28029,2068097,2068892,89.43,89.3,0.0,61.4,0
11:33:38.689,649014,250,88,0.448,2096921,2096921,28699,27936,2068222,2068985,89.55,89.3,0.0,61.4,0
11:33:38.888,649214,250,88,0.440,2096921,2096921,28806,28037,2068115,2068884,89.59,89.3,0.0,61.0,0
11:33:39.088,649414,250,88,0.448,2096921,2096921,28894,27982,2068027,2068939,89.66,89.3,0.0,61.0,0
11:33:39.291,649614,250,88,0.440,2096921,2096921,28967,27901,2067954,2069020,89.72,89.3,0.0,61.0,0
11:33:39.512,649832,250,88,0.440,2096921,2096921,28913,27874,2068008,2069047,89.75,89.3,0.0,60.0,0
11:33:40.177,650492,250,88,0.440,2096921,2096921,28974,28174,2067947,2068747,89.65,58.7,0.0,57.0,0
11:33:40.381,650693,250,88,0.456,2096921,2096921,29008,28357,2067913,2068564,89.80,58.7,0.0,57.0,0
11:33:40.587,650913,250,88,0.456,2096921,2096921,28761,27902,2068160,2069019,89.86,58.7,0.0,57.0,0
11:33:40.796,651114,250,88,0.440,2096921,2096921,28738,28055,2068183,2068866,89.79,58.7,0.0,57.0,0
11:33:46.384,656710,400,92,0.480,2096921,2096921,28952,28193,2067969,2068728,88.58,58.7,0.0,75.8,0
11:33:46.596,656916,400,92,0.472,2096921,2096921,28724,28050,2068197,2068871,88.51,58.7,0.0,75.8,0
11:33:46.790,657116,400,92,0.488,2096921,2096921,28944,27870,2067977,2069051,88.46,58.7,0.0,75.8,0
11:33:46.994,657316,400,92,0.472,2096921,2096921,28916,27977,2068005,2068944,88.02,58.7,0.0,75.8,0
11:33:47.190,657516,400,88,0.464,2096921,2096921,28776,27966,2068145,2068955,87.90,58.7,0.0,75.8,0
11:33:47.392,657718,400,88,0.456,2096921,2096921,28872,28010,2068049,2068911,87.86,58.7,0.0,75.8,0
11:33:47.602,657928,400,88,0.456,2096921,2096921,29064,28143,2067857,2068778,87.92,58.7,0.0,75.8,0
11:33:48.066,658376,400,88,0.448,2096921,2096921,28870,28003,2068051,2068918,87.89,58.7,0.0,58.4,0
11:33:48.278,658602,400,88,0.456,2096921,2096921,28822,28125,2068099,2068796,87.86,58.7,0.0,58.2,0
11:33:48.507,658830,400,88,0.448,2096921,2096921,28965,27944,2067956,2068977,87.76,58.7,0.0,58.2,0
11:33:48.729,659054,400,88,0.448,2096921,2096921,28893,28000,2068028,2068921,87.70,58.7,0.0,58.2,0
11:33:49.416,659741,400,88,0.440,2096921,2096921,28901,27853,2068020,2069068,87.74,58.7,0.0,58.4,0
11:33:49.616,659942,400,88,0.448,2096921,2096921,29008,27908,2067913,2069013,87.79,58.7,0.0,58.4,0
11:33:49.817,660143,400,88,0.440,2096921,2096921,28977,27973,2067944,2068948,87.74,58.7,0.0,58.4,0
11:33:50.027,660344,400,88,0.456,2096921,2096921,28838,28040,2068083,2068881,87.69,58.7,0.0,99.5,0
11:33:50.218,660544,400,88,0.448,2096921,2096921,28849,28034,2068072,2068887,87.68,58.7,0.0,99.5,0
11:33:50.418,660744,400,88,0.448,2096921,2096921,29126,27922,2067795,2068999,87.61,58.7,0.0,98.6,0
11:33:50.743,661069,400,88,0.448,2096921,2096921,28905,28321,2068016,2068600,87.71,58.7,0.0,98.6,0
11:33:50.944,661270,400,88,0.448,2096921,2096921,28797,28214,2068124,2068707,87.69,58.7,0.0,97.7,0
11:33:55.986,666312,500,97,0.496,2096921,2096921,28831,28004,2068090,2068917,89.09,58.7,0.0,137.0,0
11:33:56.189,666515,500,92,0.496,2096921,2096921,28799,27949,2068122,2068972,89.11,58.7,0.0,137.0,0
11:33:56.394,666720,500,92,0.480,2096921,2096921,28744,28092,2068177,2068829,89.19,58.7,0.0,137.0,0
11:33:56.593,666920,500,92,0.472,2096921,2096921,28752,27775,2068169,2069146,89.41,58.7,0.0,137.0,0
11:33:56.794,667120,500,92,0.480,2096921,2096921,28690,28003,2068231,2068918,89.49,58.7,0.0,137.0,0
11:33:56.997,667320,500,92,0.472,2096921,2096921,28922,28172,2067999,2068749,89.64,58.7,0.0,137.0,0
11:33:57.196,667520,500,88,0.456,2096921,2096921,28877,28028,2068044,2068893,89.62,58.7,0.0,137.0,0
11:33:57.398,667723,500,88,0.456,2096921,2096921,28818,28095,2068103,2068826,89.64,58.7,0.0,137.0,0
11:33:57.598,667923,500,88,0.464,2096921,2096921,28924,28119,2067997,2068802,89.60,58.7,0.0,137.0,0
11:33:57.797,668123,500,88,0.448,2096921,2096921,28907,28009,2068014,2068912,89.58,58.7,0.0,137.0,0
11:33:58.002,668328,500,88,0.448,2096921,2096921,28923,28105,2067998,2068816,89.49,58.7,0.0,137.0,0
11:33:58.212,668530,500,88,0.448,2096921,2096921,28999,27900,2067922,2069021,89.57,58.7,0.0,137.0,0
11:33:58.413,668730,500,88,0.456,2096921,2096921,29070,27977,2067851,2068944,89.53,58.7,0.0,137.0,0
11:33:58.662,668989,500,88,0.448,2096921,2096921,29094,27976,2067827,2068945,89.44,58.7,0.0,137.0,0
11:33:58.865,669189,500,88,0.456,2096921,2096921,28961,27735,2067960,2069186,89.57,58.7,0.0,137.0,0
11:33:59.063,669389,500,88,0.448,2096921,2096921,29028,28087,2067893,2068834,89.58,58.7,0.0,137.0,0
11:33:59.263,669589,500,88,0.448,2096921,2096921,28987,28093,2067934,2068828,89.59,58.7,0.0,137.0,0
11:33:59.464,669789,500,88,0.456,2096921,2096921,28855,28218,2068066,2068703,89.64,58.7,0.0,137.0,0
11:33:59.670,669989,500,88,0.456,2096921,2096921,28935,27816,2067986,2069105,89.62,58.7,0.0,137.0,0
11:33:59.865,670189,500,88,0.448,2096921,2096921,29047,28069,2067874,2068852,89.64,58.7,0.0,137.0,0
11:34:00.063,670389,500,88,0.448,2096921,2096921,29013,28227,2067908,2068694,89.67,58.7,0.0,137.0,0
11:34:00.266,670592,500,88,0.448,2096921,2096921,29092,28131,2067829,2068790,89.69,58.7,0.0,137.0,0
11:34:00.491,670817,500,88,0.440,2096921,2096921,28821,28058,2068100,2068863,89.76,58.7,0.0,137.0,0
11:34:00.721,671047,500,88,0.440,2096921,2096921,28968,28210,2067953,2068711,89.84,58.7,0.0,137.0,0
11:34:05.988,676313,1000,97,0.504,2096921,2096921,28931,28053,2067990,2068868,88.38,46.8,0.0,40.1,0
11:34:06.190,676513,1000,92,0.488,2096921,2096921,29064,28036,2067857,2068885,88.30,46.8,0.0,40.1,0
11:34:06.399,676713,1000,92,0.480,2096921,2096921,28884,28053,2068037,2068868,88.22,59.7,0.0,40.1,0
11:34:06.600,676921,1000,92,0.480,2096921,2096921,29119,27996,2067802,2068925,88.23,59.7,0.0,40.1,0
11:34:06.805,677121,1000,92,0.472,2096921,2096921,28962,28046,2067959,2068875,88.30,59.7,0.0,40.1,0
11:34:07.010,677333,1000,88,0.472,2096921,2096921,29078,28181,2067843,2068740,88.23,59.7,0.0,40.1,0
11:34:07.220,677533,1000,88,0.472,2096921,2096921,28860,28004,2068061,2068917,88.27,66.6,0.0,40.1,0
11:34:07.633,677933,1000,88,0.456,2096921,2096921,28889,28034,2068032,2068887,88.33,66.6,0.0,40.1,0
11:34:08.851,679169,1000,88,0.448,2096921,2096921,28944,28240,2067977,2068681,88.35,130.7,0.0,40.1,0
11:34:09.062,679385,1000,88,0.440,2096921,2096921,29049,28146,2067872,2068775,88.39,130.7,0.0,40.1,0
11:34:09.265,679585,1000,88,0.464,2096921,2096921,29111,28311,2067810,2068610,88.44,130.7,0.0,40.1,0
11:34:09.467,679785,1000,88,0.448,2096921,2096921,29072,28094,2067849,2068827,88.49,154.3,0.0,40.1,0
11:34:09.671,679986,1000,88,0.448,2096921,2096921,28980,28182,2067941,2068739,88.47,154.3,0.0,40.1,0
11:34:16.541,686865,2000,92,0.480,2096921,2096921,29118,28064,2067803,2068857,89.44,153.2,0.0,54.2,0
11:34:16.765,687091,2000,92,0.472,2096921,2096921,28982,28214,2067939,2068707,89.43,83.2,0.0,54.2,0
11:34:16.994,687319,2000,92,0.472,2096921,2096921,29042,28106,2067879,2068815,89.34,83.2,0.0,54.2,0
11:34:18.231,688557,2000,88,0.448,2096921,2096921,28776,28142,2068145,2068779,89.51,85.2,0.0,44.0,0
11:34:18.431,688757,2000,88,0.456,2096921,2096921,28843,28082,2068078,2068839,89.37,85.2,0.0,44.0,0
11:34:18.632,688957,2000,88,0.448,2096921,2096921,29023,27904,2067898,2069017,89.33,85.2,0.0,42.7,0
11:34:18.831,689157,2000,88,0.448,2096921,2096921,28769,28095,2068152,2068826,89.21,85.2,0.0,42.7,0
11:34:19.030,689357,2000,88,0.448,2096921,2096921,28982,27838,2067939,2069083,89.10,85.2,0.0,42.7,0
11:34:19.233,689559,2000,88,0.440,2096921,2096921,28878,27801,2068043,2069120,89.22,85.2,0.0,41.8,0
11:34:19.453,689779,2000,88,0.440,2096921,2096921,28989,28109,2067932,2068812,89.27,62.7,0.0,41.8,0
11:34:19.654,689979,2000,88,0.448,2096921,2096921,28863,28211,2068058,2068710,89.29,62.7,0.0,41.1,0
11:34:19.853,690179,2000,88,0.456,2096921,2096921,28845,27900,2068076,2069021,89.33,62.7,0.0,41.1,0
11:34:20.053,690379,2000,88,0.448,2096921,2096921,28952,27885,2067969,2069036,89.38,62.7,0.0,41.1,0
11:34:20.254,690579,2000,88,0.448,2096921,2096921,28861,28247,2068060,2068674,89.27,62.7,0.0,41.1,0
11:34:20.464,690789,2000,88,0.448,2096921,2096921,28970,27874,2067951,2069047,89.32,62.7,0.0,41.1,0
11:34:20.663,690989,2000,88,0.448,2096921,2096921,28724,28120,2068197,2068801,89.34,62.7,0.0,41.1,0
11:34:20.866,691189,2000,88,0.448,2096921,2096921,28909,28044,2068012,2068877,89.39,62.7,0.0,41.2,0
11:34:26.221,696537,4000,97,0.496,2096921,2096921,28987,28006,2067934,2068915,88.84,65.3,0.0,41.2,0
11:34:26.411,696737,4000,92,0.488,2096921,2096921,28805,28028,2068116,2068893,88.89,65.3,0.0,41.2,0
11:34:26.620,696944,4000,92,0.480,2096921,2096921,29092,27948,2067829,2068973,89.01,65.3,0.0,41.2,0
11:34:26.818,697144,4000,92,0.472,2096921,2096921,28903,28164,2068018,2068757,89.15,65.3,0.0,41.2,0
11:34:27.018,697344,4000,92,0.472,2096921,2096921,28949,28040,2067972,2068881,89.10,97.2,0.0,41.2,0
11:34:27.219,697545,4000,92,0.472,2096921,2096921,28983,28214,2067938,2068707,89.15,97.2,0.0,41.2,0
11:34:27.424,697745,4000,88,0.464,2096921,2096921,29049,27980,2067872,2068941,89.08,97.2,0.0,41.2,0
11:34:27.624,697950,4000,88,0.456,2096921,2096921,28932,28017,2067989,2068904,89.18,97.2,0.0,41.2,0
11:34:27.824,698150,4000,88,0.456,2096921,2096921,28758,27933,2068163,2068988,89.08,97.2,0.0,41.2,0
11:34:28.048,698374,4000,88,0.448,2096921,2096921,28823,27788,2068098,2069133,89.26,97.2,0.0,41.2,0
11:34:28.523,698822,4000,88,0.448,2096921,2096921,28913,27952,2068008,2068969,89.19,97.2,0.0,41.2,0
11:34:28.725,699046,4000,88,0.448,2096921,2096921,28756,28063,2068165,2068858,89.21,97.2,0.0,41.2,0
11:34:28.953,699274,4000,88,0.448,2096921,2096921,29018,27880,2067903,2069041,89.38,97.2,0.0,41.2,0
11:34:29.171,699494,4000,88,0.448,2096921,2096921,28856,27812,2068065,2069109,89.53,97.2,0.0,41.2,0
11:34:29.392,699718,4000,88,0.448,2096921,2096921,28915,27905,2068006,2069016,89.47,97.2,0.0,41.2,0
11:34:29.592,699918,4000,88,0.440,2096921,2096921,28863,28068,2068058,2068853,89.56,97.2,0.0,41.2,0
11:34:29.792,700118,4000,88,0.440,2096921,2096921,28881,27783,2068040,2069138,89.59,97.2,0.0,41.2,0
11:34:29.992,700318,4000,88,0.440,2096921,2096921,29027,27995,2067894,2068926,89.49,97.2,0.0,41.2,0
11:34:30.192,700518,4000,88,0.448,2096921,2096921,28993,28131,2067928,2068790,89.40,97.2,0.0,41.2,0
11:34:30.395,700718,4000,88,0.440,2096921,2096921,28854,28111,2068067,2068810,89.47,97.2,0.0,41.2,0
11:34:30.594,700918,4000,88,0.440,2096921,2096921,28864,28082,2068057,2068839,89.47,97.2,0.0,41.2,0
11:34:30.793,701118,4000,88,0.448,2096921,2096921,29055,28108,2067866,2068813,89.32,97.2,0.0,41.2,0
11:34:30.992,701318,4000,88,0.440,2096921,2096921,29003,28160,2067918,2068761,89.14,97.2,0.0,41.2,0
11:34:31.209,701532,4000,88,0.448,2096921,2096921,28844,27997,2068077,2068924,89.12,97.2,0.0,41.2,0
11:34:36.413,706738,5000,92,0.488,2096921,2096921,29138,28171,2067783,2068750,88.90,127.1,0.0,111.6,0
11:34:36.631,706956,5000,92,0.488,2096921,2096921,29028,28101,2067893,2068820,89.04,127.1,0.0,111.6,0
11:34:36.830,707156,5000,92,0.480,2096921,2096921,29228,27993,2067693,2068928,88.97,127.1,0.0,111.6,0
11:34:37.031,707356,5000,92,0.464,2096921,2096921,28920,28069,2068001,2068852,89.01,127.1,0.0,111.6,0
11:34:37.230,707556,5000,92,0.472,2096921,2096921,29043,28115,2067878,2068806,89.15,91.7,0.0,111.6,0
11:34:37.430,707756,5000,88,0.472,2096921,2096921,28985,28008,2067936,2068913,89.03,91.7,0.0,111.6,0
11:34:37.630,707956,5000,88,0.456,2096921,2096921,28839,28149,2068082,2068772,89.21,91.7,0.0,111.6,0
11:34:37.830,708156,5000,88,0.456,2096921,2096921,29184,28080,2067737,2068841,89.12,91.7,0.0,111.6,0
11:34:38.036,708356,5000,88,0.448,2096921,2096921,28797,28019,2068124,2068902,89.09,91.7,0.0,111.6,0
11:34:38.241,708556,5000,88,0.448,2096921,2096921,29001,27863,2067920,2069058,89.12,91.7,0.0,111.6,0
11:34:38.446,708756,5000,88,0.440,2096921,2096921,28940,28026,2067981,2068895,89.08,91.7,0.0,111.6,0
11:34:38.664,708974,5000,88,0.456,2096921,2096921,28918,27912,2068003,2069009,89.20,91.7,0.0,111.6,0
11:34:38.855,709174,5000,88,0.448,2096921,2096921,28859,28167,2068062,2068754,89.14,91.7,0.0,111.6,0
11:34:40.250,710576,5000,88,0.440,2096921,2096921,28958,28157,2067963,2068764,89.42,91.7,0.0,111.6,0
11:34:40.914,711234,5000,88,0.448,2096921,2096921,29100,28055,2067821,2068866,89.49,91.7,0.0,111.6,0
11:34:41.138,711464,5000,88,0.440,2096921,2096921,29100,27897,2067821,2069024,89.45,46.1,0.0,77.4,0
11:34:41.522,711848,5000,88,0.448,2096921,2096921,28811,28039,2068110,2068882,89.43,46.1,0.0,77.4,0
11:34:46.739,717050,6000,92,0.488,2096921,2096921,28833,28044,2068088,2068877,88.91,46.1,0.0,102.7,0
11:34:47.726,718052,6000,92,0.464,2096921,2096921,28730,28162,2068191,2068759,88.62,46.1,0.0,102.7,0
11:34:47.926,718252,6000,92,0.464,2096921,2096921,29086,27990,2067835,2068931,88.57,46.1,0.0,102.7,0
11:34:48.197,718522,6000,92,0.464,2096921,2096921,28992,28037,2067929,2068884,88.59,46.1,0.0,102.7,0
11:34:48.396,718722,6000,92,0.464,2096921,2096921,28935,28258,2067986,2068663,88.56,46.1,0.0,102.7,0
11:34:48.596,718922,6000,92,0.464,2096921,2096921,28894,28119,2068027,2068802,88.55,46.1,0.0,102.7,0
11:34:48.807,719130,6000,92,0.464,2096921,2096921,28792,27917,2068129,2069004,88.51,46.1,0.0,102.7,0
11:34:49.709,720034,6000,92,0.464,2096921,2096921,28995,27900,2067926,2069021,88.51,46.1,0.0,102.7,0
11:34:49.936,720262,6000,92,0.464,2096921,2096921,28967,27903,2067954,2069018,88.51,46.1,0.0,102.7,0
11:34:50.156,720482,6000,92,0.464,2096921,2096921,28949,28151,2067972,2068770,88.45,46.1,0.0,102.7,0
11:34:50.633,720937,6000,92,0.464,2096921,2096921,28984,28230,2067937,2068691,88.45,46.1,0.0,102.7,0
11:34:50.840,721157,6000,92,0.464,2096921,2096921,28891,27966,2068030,2068955,88.51,46.1,0.0,102.7,0
11:34:51.056,721382,6000,92,0.464,2096921,2096921,28911,28216,2068010,2068705,88.37,46.1,0.0,102.7,0
11:34:51.273,721600,6000,92,0.464,2096921,2096921,28799,28029,2068122,2068892,88.38,46.1,0.0,102.7,0
11:34:51.475,721800,6000,92,0.464,2096921,2096921,28965,28128,2067956,2068793,88.26,46.1,0.0,102.7,0
11:34:51.691,722012,6000,92,0.464,2096921,2096921,28880,28062,2068041,2068859,88.19,46.1,0.0,102.7,0
11:34:56.688,727013,8000,97,0.496,2096921,2096921,28801,28269,2068120,2068652,87.87,46.1,0.0,102.7,0
11:34:56.911,727231,8000,92,0.488,2096921,2096921,28775,28130,2068146,2068791,87.86,46.1,0.0,102.7,0
11:34:57.105,727431,8000,92,0.472,2096921,2096921,28921,27864,2068000,2069057,87.89,46.1,0.0,102.7,0
11:34:57.311,727635,8000,92,0.472,2096921,2096921,29018,28078,2067903,2068843,87.93,46.1,0.0,102.7,0
11:34:57.510,727835,8000,92,0.464,2096921,2096921,28975,27990,2067946,2068931,88.05,46.1,0.0,102.7,0
11:34:57.710,728035,8000,92,0.464,2096921,2096921,28984,27961,2067937,2068960,88.17,46.1,0.0,102.7,0
11:34:57.909,728235,8000,92,0.464,2096921,2096921,29066,27922,2067855,2068999,88.20,46.1,0.0,102.7,0
11:34:58.113,728437,8000,92,0.464,2096921,2096921,28953,28146,2067968,2068775,88.13,46.1,0.0,68.2,0
11:34:58.313,728637,8000,92,0.464,2096921,2096921,29004,28001,2067917,2068920,88.12,46.1,0.0,68.2,0
11:34:58.520,728837,8000,92,0.464,2096921,2096921,29108,28006,2067813,2068915,88.08,46.1,0.0,70.0,0
11:34:58.734,729059,8000,92,0.464,2096921,2096921,29102,28047,2067819,2068874,88.12,46.1,0.0,70.0,0
11:34:58.964,729289,8000,92,0.464,2096921,2096921,28915,27916,2068006,2069005,88.19,46.1,0.0,70.4,0
11:34:59.184,729509,8000,92,0.464,2096921,2096921,28893,27909,2068028,2069012,88.16,46.1,0.0,70.4,0
11:34:59.643,729965,8000,92,0.456,2096921,2096921,28858,28078,2068063,2068843,88.22,46.1,0.0,70.4,0
11:34:59.858,730183,8000,92,0.456,2096921,2096921,28804,27884,2068117,2069037,88.32,46.1,0.0,70.4,0
11:35:00.082,730407,8000,92,0.464,2096921,2096921,28841,27895,2068080,2069026,88.42,46.1,0.0,70.4,0
11:35:00.310,730635,8000,92,0.456,2096921,2096921,28884,28042,2068037,2068879,88.30,46.1,0.0,70.4,0
11:35:00.514,730841,8000,92,0.464,2096921,2096921,29033,27825,2067888,2069096,88.40,46.1,0.0,70.4,0
11:35:00.716,731041,8000,92,0.456,2096921,2096921,29027,27966,2067894,2068955,88.52,46.1,0.0,70.4,0
11:35:00.916,731241,8000,92,0.456,2096921,2096921,29128,28090,2067793,2068831,88.53,46.1,0.0,70.4,0
11:35:01.115,731441,8000,92,0.456,2096921,2096921,28964,28087,2067957,2068834,88.62,46.1,0.0,70.4,0
11:35:01.321,731641,8000,92,0.464,2096921,2096921,29076,28035,2067845,2068886,88.68,46.1,0.0,70.4,0
11:35:01.516,731841,8000,92,0.464,2096921,2096921,29032,27988,2067889,2068933,88.66,46.1,0.0,70.4,0
11:35:01.841,732167,8000,92,0.464,2096921,2096921,28895,28068,2068026,2068853,88.62,46.1,0.0,46.9,0
11:35:06.849,737169,10000,97,0.488,2096921,2096921,28843,27885,2068078,2069036,88.47,44.4,0.0,51.7,0
11:35:07.063,737389,10000,92,0.480,2096921,2096921,28818,28012,2068103,2068909,88.47,44.4,0.0,51.7,0
11:35:07.265,737591,10000,92,0.472,2096921,2096921,28839,27864,2068082,2069057,88.61,44.4,0.0,51.7,0
11:35:07.466,737791,10000,92,0.472,2096921,2096921,28910,27958,2068011,2068963,88.59,44.4,0.0,51.7,0
11:35:07.665,737991,10000,92,0.464,2096921,2096921,28829,28041,2068092,2068880,88.55,44.4,0.0,51.7,0
11:35:07.865,738191,10000,92,0.456,2096921,2096921,28893,28053,2068028,2068868,88.80,44.4,0.0,51.7,0
11:35:08.065,738391,10000,92,0.464,2096921,2096921,28826,27951,2068095,2068970,88.80,44.4,0.0,53.0,0
11:35:08.265,738591,10000,92,0.464,2096921,2096921,28879,27972,2068042,2068949,88.81,44.4,0.0,53.0,0
11:35:08.465,738791,10000,92,0.456,2096921,2096921,28915,28019,2068006,2068902,88.80,44.4,0.0,55.2,0
11:35:08.665,738991,10000,92,0.456,2096921,2096921,28883,27914,2068038,2069007,88.79,44.4,0.0,55.2,0
11:35:08.872,739195,10000,92,0.464,2096921,2096921,28859,28105,2068062,2068816,88.86,43.2,0.0,55.2,0
11:35:09.098,739423,10000,92,0.456,2096921,2096921,28957,27904,2067964,2069017,88.84,43.2,0.0,56.8,0
11:35:09.317,739643,10000,92,0.456,2096921,2096921,28979,27951,2067942,2068970,88.90,43.2,0.0,56.8,0
11:35:09.984,740297,10000,92,0.456,2096921,2096921,28999,27951,2067922,2068970,89.00,43.2,0.0,57.9,0
11:35:10.975,741297,10000,92,0.456,2096921,2096921,29084,28068,2067837,2068853,89.49,43.2,0.0,59.8,0
11:35:11.171,741497,10000,92,0.464,2096921,2096921,29062,28002,2067859,2068919,89.47,43.2,0.0,59.1,0
11:35:11.375,741701,10000,92,0.464,2096921,2096921,28996,28008,2067925,2068913,89.57,43.2,0.0,59.1,0
11:35:11.829,742153,10000,92,0.456,2096921,2096921,28857,28113,2068064,2068808,89.43,43.2,0.0,58.7,0
